Buildings and facilities,http://intranet.justice.gsi.gov.uk/guidance-support/buildings-facilities/index.htm
- HQ Facilities helpdesk,http://intranet.justice.gsi.gov.uk/guidance-support/buildings-facilities/helpdesk.htm
- Video conferencing,http://intranet.justice.gsi.gov.uk/guidance-support/buildings-facilities/video-conferencing/index.htm
- Ashley House,http://intranet.justice.gsi.gov.uk/guidance-support/buildings-facilities/ashley-house/index.htm
- Chancery Lane,http://intranet.justice.gsi.gov.uk/guidance-support/buildings-facilities/chancery-lane/index.htm
- Clive House,http://intranet.justice.gsi.gov.uk/guidance-support/buildings-facilities/clive-house/index.htm
"- - Bicycles, motorbikes, cars and parking",http://intranet.justice.gsi.gov.uk/guidance-support/buildings-facilities/clive-house/cars-parking.htm
- - Catering and hospitality,http://intranet.justice.gsi.gov.uk/guidance-support/buildings-facilities/clive-house/catering.htm
"- - Cleaning, recycling and portering page",http://intranet.justice.gsi.gov.uk/guidance-support/buildings-facilities/clive-house/cleaning.htm
- - Emergency evacuation guidance,http://intranet.justice.gsi.gov.uk/guidance-support/buildings-facilities/clive-house/emergency.htm
- - Flexible workspace,http://intranet.justice.gsi.gov.uk/guidance-support/buildings-facilities/clive-house/flexible-workspace.htm
- - Gym,http://intranet.justice.gsi.gov.uk/guidance-support/buildings-facilities/clive-house/gym.htm
- - Heating and air con,http://intranet.justice.gsi.gov.uk/guidance-support/buildings-facilities/clive-house/heating-air-conditioning.htm
- - Helpdesk,http://intranet.justice.gsi.gov.uk/guidance-support/buildings-facilities/clive-house/helpdesk.htm
- - Lockers,http://intranet.justice.gsi.gov.uk/guidance-support/buildings-facilities/clive-house/lockers.htm
- - Maintenance,http://intranet.justice.gsi.gov.uk/guidance-support/buildings-facilities/clive-house/maintenance.htm
- - Meeting room and resource booking,http://intranet.justice.gsi.gov.uk/guidance-support/buildings-facilities/clive-house/meeting-room-booking.htm
- - Office moves and changes,http://intranet.justice.gsi.gov.uk/guidance-support/buildings-facilities/clive-house/office-moves.htm
- - Post room,http://intranet.justice.gsi.gov.uk/guidance-support/buildings-facilities/clive-house/postal-services.htm
- - Printers and reprographics,http://intranet.justice.gsi.gov.uk/guidance-support/buildings-facilities/clive-house/printers-reprographics.htm
- - Registry services,http://intranet.justice.gsi.gov.uk/guidance-support/buildings-facilities/clive-house/registry-services.htm
- - Resaurant and coffee bar,http://intranet.justice.gsi.gov.uk/guidance-support/buildings-facilities/clive-house/restaurant-coffee.htm
- - Sustainability,http://intranet.justice.gsi.gov.uk/guidance-support/buildings-facilities/clive-house/sustainability.htm
- - Security,http://intranet.justice.gsi.gov.uk/guidance-support/buildings-facilities/clive-house/security.htm
- - Stationery,http://intranet.justice.gsi.gov.uk/guidance-support/buildings-facilities/clive-house/stationery.htm
- - Telephones,http://intranet.justice.gsi.gov.uk/guidance-support/buildings-facilities/clive-house/telephones.htm
- - Visitors,http://intranet.justice.gsi.gov.uk/guidance-support/buildings-facilities/clive-house/visitors.htm
- Dover House,http://intranet.justice.gsi.gov.uk/guidance-support/buildings-facilities/dover-house/index.htm
- Gwydyr House,http://intranet.justice.gsi.gov.uk/guidance-support/buildings-facilities/gwydyr-house/index.htm
- 30 Millbank,http://intranet.justice.gsi.gov.uk/guidance-support/buildings-facilities/millbank/index.htm
- 102 Petty France,http://intranet.justice.gsi.gov.uk/guidance-support/buildings-facilities/petty-france/index.htm
- - Artwork,http://intranet.justice.gsi.gov.uk/guidance-support/buildings-facilities/petty-france/art/index.htm
"- - Bicycles, motorcycles, cars and parking",http://intranet.justice.gsi.gov.uk/guidance-support/buildings-facilities/petty-france/cars-parking.htm
- - Catering and hospitality,http://intranet.justice.gsi.gov.uk/guidance-support/buildings-facilities/petty-france/catering.htm
"- - Cleaning, recycling and portering page",http://intranet.justice.gsi.gov.uk/guidance-support/buildings-facilities/petty-france/cleaning.htm
- - Coffee shop,http://intranet.justice.gsi.gov.uk/guidance-support/buildings-facilities/petty-france/restaurant-coffee-shop.htm
- - Desktop and laptop cleaning,http://intranet.justice.gsi.gov.uk/guidance-support/buildings-facilities/petty-france/pc-cleaning.htm
- - Emergency evacuation & invacuation guidance,http://intranet.justice.gsi.gov.uk/guidance-support/buildings-facilities/petty-france/emergency-fire-evacuation.htm
- - Flexible workspace,http://intranet.justice.gsi.gov.uk/guidance-support/buildings-facilities/petty-france/flexible-workspace.htm
- - First aid,http://intranet.justice.gsi.gov.uk/guidance-support/buildings-facilities/petty-france/first-aid.htm
- - Gym,http://intranet.justice.gsi.gov.uk/guidance-support/buildings-facilities/petty-france/gym.htm
- - Heating and air con,http://intranet.justice.gsi.gov.uk/guidance-support/buildings-facilities/petty-france/heating-air-conditioning.htm
- - Helpdesk,http://intranet.justice.gsi.gov.uk/guidance-support/buildings-facilities/helpdesk.htm
- - Lifts,http://intranet.justice.gsi.gov.uk/guidance-support/buildings-facilities/petty-france/lifts.htm
- - Maintenance,http://intranet.justice.gsi.gov.uk/guidance-support/buildings-facilities/petty-france/maintenance.htm
- - Meeting room booking,http://intranet.justice.gsi.gov.uk/guidance-support/buildings-facilities/petty-france/meeting-room-resource-bookings.htm
- - Office moves and changes,http://intranet.justice.gsi.gov.uk/guidance-support/buildings-facilities/petty-france/office-moves.htm
- - PC and laptop cleaning,http://intranet.justice.gsi.gov.uk/guidance-support/buildings-facilities/petty-france/pc-cleaning.htm
- - Post room,http://intranet.justice.gsi.gov.uk/guidance-support/buildings-facilities/petty-france/post-room-mail.htm
- - Printers and print room,http://intranet.justice.gsi.gov.uk/guidance-support/buildings-facilities/petty-france/printers.htm
- - Security,http://intranet.justice.gsi.gov.uk/guidance-support/buildings-facilities/petty-france/security.htm
- - Stationery,http://intranet.justice.gsi.gov.uk/guidance-support/buildings-facilities/petty-france/stationery.htm
- - Sustainability,http://intranet.justice.gsi.gov.uk/guidance-support/buildings-facilities/petty-france/recycling-sustainability.htm
- - Telephone & video conferencing,http://intranet.justice.gsi.gov.uk/guidance-support/buildings-facilities/petty-france/telephone-video-conferencing.htm
- - Visitors,http://intranet.justice.gsi.gov.uk/guidance-support/buildings-facilities/petty-france/visitors-reception.htm
- - Wi-fi,http://intranet.justice.gsi.gov.uk/guidance-support/buildings-facilities/petty-france/wifi.htm
- Steel House,http://intranet.justice.gsi.gov.uk/guidance-support/buildings-facilities/steel-house/index.htm
"- - Bicycles, motorcycles, cars and parking",http://intranet.justice.gsi.gov.uk/guidance-support/buildings-facilities/steel-house/bicycle.htm
- - Catering and hospitality,http://intranet.justice.gsi.gov.uk/guidance-support/buildings-facilities/steel-house/catering.htm
"- - Cleaning, recycling and portering page",http://intranet.justice.gsi.gov.uk/guidance-support/buildings-facilities/steel-house/cleaning.htm
- - Emergency evacuation guidance,http://intranet.justice.gsi.gov.uk/guidance-support/buildings-facilities/steel-house/emergency.htm
- - Gym,http://intranet.justice.gsi.gov.uk/guidance-support/buildings-facilities/steel-house/gym.htm
- - Heating and air conditioning,http://intranet.justice.gsi.gov.uk/guidance-support/buildings-facilities/steel-house/heating.htm
- - Helpdesk,http://intranet.justice.gsi.gov.uk/guidance-support/buildings-facilities/helpdesk.htm
- - Lifts,http://intranet.justice.gsi.gov.uk/guidance-support/buildings-facilities/steel-house/lifts.htm
- - Maintenance,http://intranet.justice.gsi.gov.uk/guidance-support/buildings-facilities/steel-house/maintenance.htm
- - Office moves and changes,http://intranet.justice.gsi.gov.uk/guidance-support/buildings-facilities/steel-house/office-moves.htm
- - Postroom,http://intranet.justice.gsi.gov.uk/guidance-support/buildings-facilities/steel-house/postal-services.htm
- - Printers and reprographics,http://intranet.justice.gsi.gov.uk/guidance-support/buildings-facilities/steel-house/printers-and-reprographics.htm
- - Sustainability,http://intranet.justice.gsi.gov.uk/guidance-support/buildings-facilities/steel-house/sustainability.htm
- - Security,http://intranet.justice.gsi.gov.uk/guidance-support/buildings-facilities/steel-house/security.htm
- - Telephones,http://intranet.justice.gsi.gov.uk/guidance-support/buildings-facilities/steel-house/telephones.htm
- - Visitors,http://intranet.justice.gsi.gov.uk/guidance-support/buildings-facilities/steel-house/visitors.htm
- Supreme Court,http://intranet.justice.gsi.gov.uk/guidance-support/buildings-facilities/supreme-court/index.htm
- West Riding House,http://intranet.justice.gsi.gov.uk/guidance-support/buildings-facilities/west-riding-house/index.htm
Financial management,http://intranet.justice.gsi.gov.uk/guidance-support/finance/index.htm
- Financial principles and controls,http://intranet.justice.gsi.gov.uk/guidance-support/finance/financial-principles-and-controls/index.htm
- - Regularity & propriety,http://intranet.justice.gsi.gov.uk/guidance-support/finance/financial-principles-and-controls/regularity-and-propriety.htm
- - Value for money,http://intranet.justice.gsi.gov.uk/guidance-support/finance/financial-principles-and-controls/value-for-money.htm
- - Financial controls & restrictions,http://intranet.justice.gsi.gov.uk/guidance-support/finance/financial-principles-and-controls/financial-controls-and-restrictions/index.htm
"- - - Marketing, advertising and communications freeze",http://intranet.justice.gsi.gov.uk/guidance-support/finance/financial-principles-and-controls/financial-controls-and-restrictions/advertising-and-marketing-spending-controls.htm
"- - - Catering (lunch, tea and coffee) for meetings",http://intranet.justice.gsi.gov.uk/guidance-support/finance/financial-principles-and-controls/financial-controls-and-restrictions/catering-for-meetings.htm
- - - Financial implications submission controls,http://intranet.justice.gsi.gov.uk/guidance-support/finance/financial-principles-and-controls/financial-controls-and-restrictions/financial-implications-submission-controls.htm
- - - First class and business class travel,http://intranet.justice.gsi.gov.uk/guidance-support/finance/financial-principles-and-controls/financial-controls-and-restrictions/first-class-rail-travel.htm
- - - Discretionary spend controls,http://intranet.justice.gsi.gov.uk/guidance-support/finance/financial-principles-and-controls/financial-controls-and-restrictions/hr-discretionary-spend-controls.htm
"- - - Professional services (consultants, contractors and interims) freeze",http://intranet.justice.gsi.gov.uk/guidance-support/finance/financial-principles-and-controls/financial-controls-and-restrictions/professional-services-freeze.htm
- - - Recruitment freeze,http://intranet.justice.gsi.gov.uk/guidance-support/finance/financial-principles-and-controls/financial-controls-and-restrictions/recruitment-freeze.htm
"- - - Restaurant, bar & catering purchases on GPC",http://intranet.justice.gsi.gov.uk/guidance-support/finance/financial-principles-and-controls/financial-controls-and-restrictions/restaurant-bar-purchases-gpc-cards.htm
- - Gifts & hospitality,http://intranet.justice.gsi.gov.uk/guidance-support/finance/financial-principles-and-controls/gifts-and-hospitality.htm
- - Accounting officers responsibilities,http://intranet.justice.gsi.gov.uk/guidance-support/finance/financial-principles-and-controls/accounting-officers-responsibilities.htm
- - Whistleblowing,http://intranet.justice.gsi.gov.uk/guidance-support/finance/financial-principles-and-controls/whistleblowing.htm
- - Special payment & losses,http://intranet.justice.gsi.gov.uk/guidance-support/finance/financial-principles-and-controls/special-payment-and-losses/index.htm
- - - Special payments,http://intranet.justice.gsi.gov.uk/guidance-support/finance/financial-principles-and-controls/special-payment-and-losses/special-payments.htm
- - - Special payments relating to ECHR cases,http://intranet.justice.gsi.gov.uk/guidance-support/finance/financial-principles-and-controls/special-payment-and-losses/special%20payments-relating-to-echr-cases.htm
- - - Financial and other losses,http://intranet.justice.gsi.gov.uk/guidance-support/finance/financial-principles-and-controls/special-payment-and-losses/financial-and-other-losses.htm
- - - Identified loss,http://intranet.justice.gsi.gov.uk/guidance-support/finance/financial-principles-and-controls/special-payment-and-losses/identified-loss.htm
- - - Salary overpayments & the rule of estopple,http://intranet.justice.gsi.gov.uk/guidance-support/finance/financial-principles-and-controls/special-payment-and-losses/salary-overpayments-and-the-rule-of-estopple.htm
- - - Write-off of losses,http://intranet.justice.gsi.gov.uk/guidance-support/finance/financial-principles-and-controls/special-payment-and-losses/write-off-of-losses.htm
- - - Maladministration,http://intranet.justice.gsi.gov.uk/guidance-support/finance/financial-principles-and-controls/special-payment-and-losses/maladministration/index.htm
- Good financial management,http://intranet.justice.gsi.gov.uk/guidance-support/finance/good-financial-management/index.htm
- - Financial competence,http://intranet.justice.gsi.gov.uk/guidance-support/finance/good-financial-management/financial-competence.htm
- Business planning & managing resources,http://intranet.justice.gsi.gov.uk/guidance-support/finance/business-planning-and-managing-resources/index.htm
- - Business planning - different levels,http://intranet.justice.gsi.gov.uk/guidance-support/finance/business-planning-and-managing-resources/business-planning-different-levels/index.htm
- - - 4 year strategic planning,http://intranet.justice.gsi.gov.uk/guidance-support/finance/business-planning-and-managing-resources/business-planning-different-levels/4-year-strategic-planning.htm
- - - Annual business planning,http://intranet.justice.gsi.gov.uk/guidance-support/finance/business-planning-and-managing-resources/business-planning-different-levels/annual-business-planning.htm
- - - Forward planning,http://intranet.justice.gsi.gov.uk/guidance-support/finance/business-planning-and-managing-resources/business-planning-different-levels/forward-planning.htm
- - - Efficiency plans & savings,http://intranet.justice.gsi.gov.uk/guidance-support/finance/business-planning-and-managing-resources/business-planning-different-levels/efficiency-plans-and-savings.htm
- - - Content of a business plan,http://intranet.justice.gsi.gov.uk/guidance-support/finance/business-planning-and-managing-resources/business-planning-different-levels/content-of-a-business-plan.htm
- Financial accounting,http://intranet.justice.gsi.gov.uk/guidance-support/finance/financial-accounting/index.htm
- - Chart of accounts,http://intranet.justice.gsi.gov.uk/guidance-support/finance/financial-accounting/chart-of-accounting/index.htm
- - - Maintenance,http://intranet.justice.gsi.gov.uk/guidance-support/finance/financial-accounting/chart-of-accounting/maintenance.htm
- - - Definitions,http://intranet.justice.gsi.gov.uk/guidance-support/finance/financial-accounting/chart-of-accounting/definitions.htm
- - Consolidation process,http://intranet.justice.gsi.gov.uk/guidance-support/finance/financial-accounting/consolidation-process/index.htm
- - - Process,http://intranet.justice.gsi.gov.uk/guidance-support/finance/financial-accounting/consolidation-process/process.htm
- - - MoJ accounting structure,http://intranet.justice.gsi.gov.uk/guidance-support/finance/financial-accounting/consolidation-process/moj-accounting-structure.htm
- - Accounts approval process,http://intranet.justice.gsi.gov.uk/guidance-support/finance/financial-accounting/accounts-approval-process/index.htm
- - - Audit process,http://intranet.justice.gsi.gov.uk/guidance-support/finance/financial-accounting/accounts-approval-process/audit-process.htm
- - - Internal review process,http://intranet.justice.gsi.gov.uk/guidance-support/finance/financial-accounting/accounts-approval-process/internal-review-process.htm
- - - Audit committee,http://intranet.justice.gsi.gov.uk/guidance-support/finance/financial-accounting/accounts-approval-process/audit-committee.htm
- - Annual report,http://intranet.justice.gsi.gov.uk/guidance-support/finance/financial-accounting/annual-report/index.htm
- - Annual accounts,http://intranet.justice.gsi.gov.uk/guidance-support/finance/financial-accounting/annual-accounts/index.htm
- - Accounting systems,http://intranet.justice.gsi.gov.uk/guidance-support/finance/financial-accounting/accounting-systems.htm
- - Whole of Government accounts,http://intranet.justice.gsi.gov.uk/guidance-support/finance/financial-accounting/whole-of-government-accounts.htm
- Asset management,http://intranet.justice.gsi.gov.uk/guidance-support/finance/asset-management/index.htm
- - Capital budgets,http://intranet.justice.gsi.gov.uk/guidance-support/finance/asset-management/capital-budgets.htm
- - Reporting of non-current assets in the annual accounts,http://intranet.justice.gsi.gov.uk/guidance-support/finance/asset-management/reporting-of-non-current-assets-in-the-annual-accounts.htm
- - Definition of non-current assets,http://intranet.justice.gsi.gov.uk/guidance-support/finance/asset-management/definition-of-non-current-assets/index.htm
- - - Special treatment of specific non-current assets,http://intranet.justice.gsi.gov.uk/guidance-support/finance/asset-management/definition-of-non-current-assets/special-treatment-of-specific-non-current-assets.htm
- - - Specific exclusions from non-current assets,http://intranet.justice.gsi.gov.uk/guidance-support/finance/asset-management/definition-of-non-current-assets/specific-exclusions-from-non-current-assets.htm
- - - Asset categories,http://intranet.justice.gsi.gov.uk/guidance-support/finance/asset-management/definition-of-non-current-assets/asset-categories.htm
- - Assets under construction & held for sale,http://intranet.justice.gsi.gov.uk/guidance-support/finance/asset-management/assets-under-construction-and-held-for-sale.htm
- - Capital enhancements,http://intranet.justice.gsi.gov.uk/guidance-support/finance/asset-management/capital-enhancements.htm
- - Valuation revaluation & depreciation of non-current assets,http://intranet.justice.gsi.gov.uk/guidance-support/finance/asset-management/valuation-revaluation-and-depreciation-of-non-current-assets/index.htm
- - - Bases for valuation & depreciation of non-current assets,http://intranet.justice.gsi.gov.uk/guidance-support/finance/asset-management/valuation-revaluation-and-depreciation-of-non-current-assets/bases-for-valuation-and-depreciation-of-non-current-assets.htm
"- - Security, loses & disposal of assets",http://intranet.justice.gsi.gov.uk/guidance-support/finance/asset-management/security-loses-and-disposal-of-assets.htm
- - Maintenance of non-current asset information,http://intranet.justice.gsi.gov.uk/guidance-support/finance/asset-management/maintenance-of-non-current-asset-information.htm
- - Non-current asset processes,http://intranet.justice.gsi.gov.uk/guidance-support/finance/asset-management/non-current-asset-processes.htm
- - Inventory or local assets,http://intranet.justice.gsi.gov.uk/guidance-support/finance/asset-management/inventory-or-local-assets.htm
- Taxation,http://intranet.justice.gsi.gov.uk/guidance-support/finance/taxation/index.htm
- - Business tax (indirect taxation),http://intranet.justice.gsi.gov.uk/guidance-support/finance/taxation/business-tax/index.htm
- - VAT,http://intranet.justice.gsi.gov.uk/guidance-support/finance/taxation/business-tax/vat.htm
- - Taxable & non-taxable supplies,http://intranet.justice.gsi.gov.uk/guidance-support/finance/taxation/business-tax/taxable-and-non-taxable-supplies.htm
- - Business & non-business activities,http://intranet.justice.gsi.gov.uk/guidance-support/finance/taxation/business-tax/business-and-non-business-activities.htm
- - VAT in Government departments,http://intranet.justice.gsi.gov.uk/guidance-support/finance/taxation/business-tax/vat-in-government-departments.htm
- - VAT on sales,http://intranet.justice.gsi.gov.uk/guidance-support/finance/taxation/business-tax/vat-on-sales.htm
- - VAT on purchases,http://intranet.justice.gsi.gov.uk/guidance-support/finance/taxation/business-tax/vat-on-purchases.htm
- - VAT specific MoJ activities,http://intranet.justice.gsi.gov.uk/guidance-support/finance/taxation/business-tax/vat-specific-moj-activities.htm
- - VAT return & VAT accounting,http://intranet.justice.gsi.gov.uk/guidance-support/finance/taxation/business-tax/vat-return-and-vat-accounting.htm
- - Errors & adjustments,http://intranet.justice.gsi.gov.uk/guidance-support/finance/taxation/business-tax/errors-and-adjustments.htm
- - Changes in the rate of VAT,http://intranet.justice.gsi.gov.uk/guidance-support/finance/taxation/business-tax/changes-in-the-rate-of-vat.htm
- - Major contracts,http://intranet.justice.gsi.gov.uk/guidance-support/finance/taxation/business-tax/major-contracts.htm
- - Tax on EU sales and purchases,http://intranet.justice.gsi.gov.uk/guidance-support/finance/taxation/business-tax/tax-on-eu-sales-and-purchases.htm
- - Tax on overseas sales & purchases (non-EU),http://intranet.justice.gsi.gov.uk/guidance-support/finance/taxation/business-tax/tax-on-overseas-sales-and-purchases.htm
- - Direct payments,http://intranet.justice.gsi.gov.uk/guidance-support/finance/taxation/business-tax/direct-payments.htm
- - Other types of business tax,http://intranet.justice.gsi.gov.uk/guidance-support/finance/taxation/business-tax/other-types-of-business-tax.htm
- Income and receipts,http://intranet.justice.gsi.gov.uk/guidance-support/finance/income-and-receipts/index.htm
- - MoJ responsibilities,http://intranet.justice.gsi.gov.uk/guidance-support/finance/income-and-receipts/moj-responsibilities.htm
- - Fees and charges,http://intranet.justice.gsi.gov.uk/guidance-support/finance/income-and-receipts/fee-and-charges.htm
- - Debt management policy,http://intranet.justice.gsi.gov.uk/guidance-support/finance/income-and-receipts/debt-management-policy.htm
- - Money laundering,http://intranet.justice.gsi.gov.uk/guidance-support/finance/income-and-receipts/money-laundering.htm
- - Individual types of income,http://intranet.justice.gsi.gov.uk/guidance-support/finance/income-and-receipts/individual-types-of-income.htm
- - Accounts receivable processes,http://intranet.justice.gsi.gov.uk/guidance-support/finance/income-and-receipts/accounts-receivable-processes.htm
- Banking & cash management,http://intranet.justice.gsi.gov.uk/guidance-support/finance/banking-and-cash-management/index.htm
- - Cash management,http://intranet.justice.gsi.gov.uk/guidance-support/finance/banking-and-cash-management/cash-management/index.htm
- - Why cash matters,http://intranet.justice.gsi.gov.uk/guidance-support/finance/banking-and-cash-management/cash-management/why-cash-matters.htm
- - - Cash allocation,http://intranet.justice.gsi.gov.uk/guidance-support/finance/banking-and-cash-management/cash-management/cash-allocation.htm
- - Cash forecasting,http://intranet.justice.gsi.gov.uk/guidance-support/finance/banking-and-cash-management/cash-forecasting/index.htm
- - - Central team responsibilities,http://intranet.justice.gsi.gov.uk/guidance-support/finance/banking-and-cash-management/cash-forecasting/central-team-responsibilities.htm
- - - Monthly monitoring of cash forecast,http://intranet.justice.gsi.gov.uk/guidance-support/finance/banking-and-cash-management/cash-forecasting/monitoring-the-forecast.htm
- - - Keys to accurate forecasting,http://intranet.justice.gsi.gov.uk/guidance-support/finance/banking-and-cash-management/cash-forecasting/keys-to-accurate-forecasting.htm
- - Banking & cash handling,http://intranet.justice.gsi.gov.uk/guidance-support/finance/banking-and-cash-management/banking-and-cash-handling/index.htm
- - - Consulting HM Treasury,http://intranet.justice.gsi.gov.uk/guidance-support/finance/banking-and-cash-management/banking-and-cash-handling/consulting-hm-treasury.htm
- - - Reviewing banking arrangements,http://intranet.justice.gsi.gov.uk/guidance-support/finance/banking-and-cash-management/banking-and-cash-handling/reviewing%20banking%20arrangements.htm
- - - Fraud,http://intranet.justice.gsi.gov.uk/guidance-support/finance/banking-and-cash-management/banking-and-cash-handling/fraud.htm
- - - Banking services,http://intranet.justice.gsi.gov.uk/guidance-support/finance/banking-and-cash-management/banking-and-cash-handling/banking-services.htm
- - - Methods of making payments,http://intranet.justice.gsi.gov.uk/guidance-support/finance/banking-and-cash-management/banking-and-cash-handling/methods-of-making-payments.htm
- - - Foreign currency,http://intranet.justice.gsi.gov.uk/guidance-support/finance/banking-and-cash-management/banking-and-cash-handling/foreign-currency.htm
- - - Liability of debtors,http://intranet.justice.gsi.gov.uk/guidance-support/finance/banking-and-cash-management/banking-and-cash-handling/liability-of-debtors.htm
- - - Banking indemnities,http://intranet.justice.gsi.gov.uk/guidance-support/finance/banking-and-cash-management/banking-and-cash-handling/banking-indemnities.htm
- Grants,http://intranet.justice.gsi.gov.uk/guidance-support/finance/grants/index.htm
- - Grant agreement,http://intranet.justice.gsi.gov.uk/guidance-support/finance/grants/grant-agreement.htm
- - Capital grants,http://intranet.justice.gsi.gov.uk/guidance-support/finance/grants/capital-grants.htm
- - Accounting for grant payments,http://intranet.justice.gsi.gov.uk/guidance-support/finance/grants/accounting-for-grant-payments.htm
- - VAT implications of grant payments,http://intranet.justice.gsi.gov.uk/guidance-support/finance/grants/vat-implications-of-grant-payments.htm
- - Setting up a grant stream,http://intranet.justice.gsi.gov.uk/guidance-support/finance/grants/setting-up-a-grant-stream.htm
- - Monitoring & managing grants,http://intranet.justice.gsi.gov.uk/guidance-support/finance/grants/monitoring-and-managing-grant.htm
- - Regularity of grant payments,http://intranet.justice.gsi.gov.uk/guidance-support/finance/grants/regularity-of-grant-payments.htm
- Training,http://intranet.justice.gsi.gov.uk/guidance-support/finance/training/index.htm
- - All staff,http://intranet.justice.gsi.gov.uk/guidance-support/finance/training/all-staff/index.htm
- - - Finance skills for all,http://intranet.justice.gsi.gov.uk/guidance-support/finance/training/all-staff/finance-skills-for-all.htm
- - - Finance systems,http://intranet.justice.gsi.gov.uk/guidance-support/finance/training/all-staff/finance-system.htm
- - Staff with financial management responsibilities,http://intranet.justice.gsi.gov.uk/guidance-support/finance/training/staff-with-financial-management-responsibilities/index.htm
- - - Financial management,http://intranet.justice.gsi.gov.uk/guidance-support/finance/training/staff-with-financial-management-responsibilities/financial-management.htm
- - - Finance business partners (FBPs) toolkit,http://intranet.justice.gsi.gov.uk/guidance-support/finance/training/staff-with-financial-management-responsibilities/finance-business-partners-toolkit.htm
- - Finance profession/trainee,http://intranet.justice.gsi.gov.uk/guidance-support/finance/training/finance-profession-trainee/index.htm
- - - Accountancy training,http://intranet.justice.gsi.gov.uk/guidance-support/finance/training/finance-profession-trainee/accountancy-training.htm
- - - MyInterchange,http://intranet.justice.gsi.gov.uk/guidance-support/finance/training/finance-profession-trainee/myinterchange.htm
- - - Finance professionals,http://intranet.justice.gsi.gov.uk/guidance-support/finance/training/finance-profession-trainee/finance-professionals.htm
- - Quick guide to finance,http://intranet.justice.gsi.gov.uk/guidance-support/finance/quick-guide-to-finance.htm
- - Glossary,http://intranet.justice.gsi.gov.uk/guidance-support/finance/glossary-and-acronyms.htm
Security,http://intranet.justice.gsi.gov.uk/guidance-support/security/index.htm
- Staff security and responsibilities,http://intranet.justice.gsi.gov.uk/guidance-support/security/staff-security-and-responsibilities/index.htm
- - Personnel security prior to employment,http://intranet.justice.gsi.gov.uk/guidance-support/security/staff-security-and-responsibilities/personnel-security-prior-employment.htm
- - During employment,http://intranet.justice.gsi.gov.uk/guidance-support/security/staff-security-and-responsibilities/during-employment.htm
- - Termination or change of employment,http://intranet.justice.gsi.gov.uk/guidance-support/security/staff-security-and-responsibilities/termination-change-employment.htm
- - Official secrets act,http://intranet.justice.gsi.gov.uk/guidance-support/security/staff-security-and-responsibilities/official-secrets-act.htm
- - Travelling abroad (business or personal),http://intranet.justice.gsi.gov.uk/guidance-support/security/staff-security-and-responsibilities/travelling-abroad.htm
- IT & computer security,http://intranet.justice.gsi.gov.uk/guidance-support/security/it-security/index.htm
- - Email,http://intranet.justice.gsi.gov.uk/guidance-support/security/it-security/email.htm
- - GSI accreditation,http://intranet.justice.gsi.gov.uk/guidance-support/security/it-security/gsi.htm
- - Infrastructure & system accreditation,http://intranet.justice.gsi.gov.uk/guidance-support/security/it-security/accreditation.htm
- - ICT security policy framework,http://intranet.justice.gsi.gov.uk/guidance-support/security/it-security/it-security-policy.htm
- - Laptops,http://intranet.justice.gsi.gov.uk/guidance-support/security/it-security/laptops.htm
- - Locking and shutdown,http://intranet.justice.gsi.gov.uk/guidance-support/security/it-security/shutdown.htm
- - Passwords,http://intranet.justice.gsi.gov.uk/guidance-support/security/it-security/passwords.htm
- - Removable media,http://intranet.justice.gsi.gov.uk/guidance-support/security/it-security/removable-media.htm
- - Risk reviews,http://intranet.justice.gsi.gov.uk/guidance-support/security/it-security/risk-reviews.htm
- - Secure disposal of ICT equipment,http://intranet.justice.gsi.gov.uk/guidance-support/security/it-security/secure-disposal-it.htm
- - Taking IT equipment abroad (business or personal),http://intranet.justice.gsi.gov.uk/guidance-support/security/it-security/taking-it-equipment-abroad.htm
- - Web browsing,http://intranet.justice.gsi.gov.uk/guidance-support/security/it-security/web-browsing-email/index.htm
- Report a security incident,http://intranet.justice.gsi.gov.uk/guidance-support/security/report-security-incidents/index.htm
- - Report a data loss,http://intranet.justice.gsi.gov.uk/guidance-support/security/report-security-incidents/report-data-loss.htm
- - Security breach policy,http://intranet.justice.gsi.gov.uk/guidance-support/security/report-security-incidents/security-breach-policy.htm
- - Fraud,http://intranet.justice.gsi.gov.uk/guidance-support/security/report-security-incidents/fraud.htm
- - Buildings security,http://intranet.justice.gsi.gov.uk/guidance-support/security/buildings-security/index.htm
- - Security passes & visitors,http://intranet.justice.gsi.gov.uk/guidance-support/security/buildings-security/security-passes-visitors.htm
- - Office moves,http://intranet.justice.gsi.gov.uk/guidance-support/security/buildings-security/office-moves.htm
- - Secure waste disposal,http://intranet.justice.gsi.gov.uk/guidance-support/security/buildings-security/confidential-waste.htm
- - Security in the office,http://intranet.justice.gsi.gov.uk/guidance-support/security/buildings-security/in-the-office.htm
- Emergencies,http://intranet.justice.gsi.gov.uk/guidance-support/security/emergencies/index.htm
- - Business continuity,http://intranet.justice.gsi.gov.uk/guidance-support/security/emergencies/business-continuity.htm
- - Counter-terrorism,http://intranet.justice.gsi.gov.uk/guidance-support/security/emergencies/counter-terrorism.htm
- - Communication & awareness,http://intranet.justice.gsi.gov.uk/guidance-support/security/emergencies/communication-awareness.htm
IT services,http://intranet.justice.gsi.gov.uk/guidance-support/it-services/index.htm
- IT portal,http://intranet.justice.gsi.gov.uk/guidance-support/it-services/it-portal/index.htm
- IT in MoJ,http://intranet.justice.gsi.gov.uk/guidance-support/it-services/it-in-moj/index.htm
- - NightWatchman,http://intranet.justice.gsi.gov.uk/guidance-support/it-services/it-in-moj/nightwatchman.htm
- - Enterprise vault,http://intranet.justice.gsi.gov.uk/guidance-support/it-services/it-in-moj/enterprise-vault.htm
- Improvement initiatives,http://intranet.justice.gsi.gov.uk/guidance-support/it-services/improvement-initiatives/index.htm
- - Network optimisation programme (NOP),http://intranet.justice.gsi.gov.uk/guidance-support/it-services/improvement-initiatives/network-optimisation-programme.htm
- Customer Service Managers,http://intranet.justice.gsi.gov.uk/guidance-support/it-services/contacts.htm
"Fire, health & safety",http://intranet.justice.gsi.gov.uk/guidance-support/health-safety/index.htm
- Corporate manslaughter,http://intranet.justice.gsi.gov.uk/guidance-support/health-safety/corporate-manslaughter.htm
- Driving on duty,http://intranet.justice.gsi.gov.uk/guidance-support/health-safety/driving-on-duty.htm
- Display screen equipment & workstation support,http://intranet.justice.gsi.gov.uk/guidance-support/health-safety/dse-workstation-support.htm
- Fire safety,http://intranet.justice.gsi.gov.uk/guidance-support/health-safety/fire-safety.htm
- Health and safety audit,http://intranet.justice.gsi.gov.uk/guidance-support/health-safety/health-safety-audit.htm
- Home and loan working,http://intranet.justice.gsi.gov.uk/guidance-support/health-safety/home-lone-working.htm
- Manager responsibilities,http://intranet.justice.gsi.gov.uk/guidance-support/health-safety/manager-duty-health-safety.htm
- Policies and committees,http://intranet.justice.gsi.gov.uk/guidance-support/health-safety/policy-committees.htm
- Risk assessment,http://intranet.justice.gsi.gov.uk/guidance-support/health-safety/risk-assessment.htm
- Safety in the office,http://intranet.justice.gsi.gov.uk/guidance-support/health-safety/safety-in-the-office.htm
- Smokefree policy,http://intranet.justice.gsi.gov.uk/guidance-support/health-safety/smokefree-policy.htm
- Training,http://intranet.justice.gsi.gov.uk/guidance-support/health-safety/training.htm
Commercial contract management,http://intranet.justice.gsi.gov.uk/guidance-support/procurement/index.htm
 - How to obtain goods and services,http://intranet.justice.gsi.gov.uk/guidance-support/procurement/how-to-obtain-goods-and-services/index.htm/
 - - Car and taxi schemes,http://intranet.justice.gsi.gov.uk/guidance-support/procurement/how-to-obtain-goods-and-services/car-and-taxi-schemes/index.htm
 - - - Hire cars,http://intranet.justice.gsi.gov.uk/guidance-support/procurement/how-to-obtain-goods-and-services/car-and-taxi-schemes/hire-cars.htm
 - - - Fuel allowance,http://intranet.justice.gsi.gov.uk/guidance-support/procurement/how-to-obtain-goods-and-services/car-and-taxi-schemes/fuel-allowance.htm
 - - - - Emergency contacts,http://intranet.justice.gsi.gov.uk/guidance-support/procurement/how-to-obtain-goods-and-services/car-and-taxi-schemes/car-scheme-emergency-contacts.htm
 - - - FAQs,http://intranet.justice.gsi.gov.uk/guidance-support/procurement/how-to-obtain-goods-and-services/car-and-taxi-schemes/car-scheme-faqs.htm
 - - Cleaning and hygiene products,http://intranet.justice.gsi.gov.uk/guidance-support/procurement/how-to-obtain-goods-and-services/cleaning-products.htm/
 - - Electrical goods,http://intranet.justice.gsi.gov.uk/guidance-support/procurement/how-to-obtain-goods-and-services/electrical-goods.htm/
 - - Electronic equipment and personnel in courtrooms,http://intranet.justice.gsi.gov.uk/guidance-support/procurement/how-to-obtain-goods-and-services/electronic-equipment-and-personnel-in-courtrooms/index.htm
 - - - Court recording equipment - contract information,http://intranet.justice.gsi.gov.uk/guidance-support/procurement/how-to-obtain-goods-and-services/electronic-equipment-and-personnel-in-courtrooms/court-recording-equipment-contract-information.htm
 - - Forms and print,http://intranet.justice.gsi.gov.uk/guidance-support/procurement/how-to-obtain-goods-and-services/forms-and-print.htm/
 - - Furniture and storage,http://intranet.justice.gsi.gov.uk/guidance-support/procurement/how-to-obtain-goods-and-services/furniture-and-storage.htm/
 - - Language services,http://intranet.justice.gsi.gov.uk/guidance-support/procurement/how-to-obtain-goods-and-services/language-services.htm/
" - - Office space, moves and furniture services",http://intranet.justice.gsi.gov.uk/guidance-support/procurement/how-to-obtain-goods-and-services/office-space-moves-and-services.htm/
 - - Photocopiers,http://intranet.justice.gsi.gov.uk/guidance-support/procurement/how-to-obtain-goods-and-services/photocopiers.htm/
 - - Postal services,http://intranet.justice.gsi.gov.uk/guidance-support/procurement/how-to-obtain-goods-and-services/postal-services/index.htm
 - - - Outbound mail services and accounts,http://intranet.justice.gsi.gov.uk/guidance-support/procurement/how-to-obtain-goods-and-services/postal-services/outbound-mail-services-accounts
 - - - - DX,http://intranet.justice.gsi.gov.uk/guidance-support/procurement/how-to-obtain-goods-and-services/postal-services/outbound-mail-services-accounts/dx-exchange.htm
 - - - Royal Mail collection and deliveries,http://intranet.justice.gsi.gov.uk/guidance-support/procurement/how-to-obtain-goods-and-services/postal-services/royal-mail-collections-and-deliveries.htm
 - - - Managing inbound response mail,http://intranet.justice.gsi.gov.uk/guidance-support/procurement/how-to-obtain-goods-and-services/postal-services/managing-inbound-response-mail.htm
 - - - Using postal services FAQs,http://intranet.justice.gsi.gov.uk/guidance-support/procurement/how-to-obtain-goods-and-services/postal-services/using-postal-services-faqs.htm
 - - Signs,http://intranet.justice.gsi.gov.uk/guidance-support/procurement/how-to-obtain-goods-and-services/signs.htm/
 - - Stationery,http://intranet.justice.gsi.gov.uk/guidance-support/procurement/how-to-obtain-goods-and-services/stationery.htm/
 - - Travel,http://intranet.justice.gsi.gov.uk/guidance-support/procurement/how-to-obtain-goods-and-services/travel/index.htm
 - - - Booking,http://intranet.justice.gsi.gov.uk/guidance-support/procurement/how-to-obtain-goods-and-services/travel/booking.htm
 - - Venues and conference booking,http://intranet.justice.gsi.gov.uk/guidance-support/procurement/how-to-obtain-goods-and-services/venues-and-conference-bookings.htm/
 - Government procurement card,http://intranet.justice.gsi.gov.uk/guidance-support/procurement/government-procurement-card.htm
 - - Application process,http://intranet.justice.gsi.gov.uk/guidance-support/procurement/application-process.htm//
 - Contact commercial and contract management,http://intranet.justice.gsi.gov.uk/guidance-support/procurement/how-to-contact-procurement.htm
 - Commercial and contract management resources,http://intranet.justice.gsi.gov.uk/guidance-support/procurement/commercial-contract-management/index.htm
 - - Commercial & contract management policies,http://intranet.justice.gsi.gov.uk/guidance-support/procurement/commercial-contract-management/commercial-contract-mgnt-policies/index.htm
 - - Commercial & contract management at MoJ,http://intranet.justice.gsi.gov.uk/guidance-support/procurement/commercial-contract-management/commercial-contract-mgnt-policies/ccm-moj/index.htm
 - - - Strategic suppliers,http://intranet.justice.gsi.gov.uk/guidance-support/procurement/commercial-contract-management/commercial-contract-mgnt-policies/ccm-moj/strategic-suppliers.htm
 - - - Transparency,http://intranet.justice.gsi.gov.uk/guidance-support/procurement/commercial-contract-management/commercial-contract-mgnt-policies/ccm-moj/transparency.htm
 - - - SMEs,http://intranet.justice.gsi.gov.uk/guidance-support/procurement/commercial-contract-management/commercial-contract-mgnt-policies/ccm-moj/sme.htm
" - - - Ethics, gifts, hospitality & conflicts of interest",http://intranet.justice.gsi.gov.uk/guidance-support/procurement/commercial-contract-management/commercial-contract-mgnt-policies/ccm-moj/ethics-gifts-hosp.htm
 - - - Corporate social responsibility,http://intranet.justice.gsi.gov.uk/guidance-support/procurement/commercial-contract-management/commercial-contract-mgnt-policies/ccm-moj/csr.htm
" - - Procurement, finance and payment",http://intranet.justice.gsi.gov.uk/guidance-support/procurement/commercial-contract-management/commercial-contract-mgnt-policies/proc-finance-contract-payment.htm
 - - Commercial & contract management PINs & PPNs,http://intranet.justice.gsi.gov.uk/guidance-support/procurement/commercial-contract-management/commercial-contract-mgnt-policies/pins-ppns.htm
 - Sourcing,http://intranet.justice.gsi.gov.uk/guidance-support/procurement/commercial-contract-management/sourcing-ccm/index.htm
 - - EU & financial thresholds,http://intranet.justice.gsi.gov.uk/guidance-support/procurement/commercial-contract-management/sourcing-ccm/eu-financial-thresholds.htm
 - - Sourcing procedures,http://intranet.justice.gsi.gov.uk/guidance-support/procurement/commercial-contract-management/sourcing-ccm/sourcing-procedures/index.htm
 - - - eSourcing,http://intranet.justice.gsi.gov.uk/guidance-support/procurement/commercial-contract-management/sourcing-ccm/sourcing-procedures/esourcing.htm
 - - - Supplier financial appraisal & registration,http://intranet.justice.gsi.gov.uk/guidance-support/procurement/commercial-contract-management/sourcing-ccm/sourcing-procedures/supplier-financial-appraisal-and-reg.htm
 - - - KPIs & management information,http://intranet.justice.gsi.gov.uk/guidance-support/procurement/commercial-contract-management/sourcing-ccm/sourcing-procedures/kpi-mgnt-info.htm
 - - - Evaluation methodology,http://intranet.justice.gsi.gov.uk/guidance-support/procurement/commercial-contract-management/sourcing-ccm/sourcing-procedures/eval-methodology.htm
 - - LEAN processes for procurement,http://intranet.justice.gsi.gov.uk/guidance-support/procurement/commercial-contract-management/sourcing-ccm/lean-processes-proc.htm
 - - Contract award into contract management,http://intranet.justice.gsi.gov.uk/guidance-support/procurement/commercial-contract-management/sourcing-ccm/contract-award-to-management.htm
 - Commercial and contract management governance,http://intranet.justice.gsi.gov.uk/guidance-support/procurement/commercial-contract-management/governance-ccm/index.htm
 - - Approvals processes,http://intranet.justice.gsi.gov.uk/guidance-support/procurement/commercial-contract-management/governance-ccm/approvals-process/index.htm
 - - - Approval of procurement strategies,http://intranet.justice.gsi.gov.uk/guidance-support/procurement/commercial-contract-management/governance-ccm/approvals-process/approval-proc-strategies.htm
 - - Reporting,http://intranet.justice.gsi.gov.uk/guidance-support/procurement/commercial-contract-management/governance-ccm/reporting-ccm.htm
 - - Risk management,http://intranet.justice.gsi.gov.uk/guidance-support/procurement/commercial-contract-management/governance-ccm/risk-management-ccm.htm
 - - Legal,http://intranet.justice.gsi.gov.uk/guidance-support/procurement/commercial-contract-management/governance-ccm/legal-ccm.htm
 - Contract management,http://intranet.justice.gsi.gov.uk/guidance-support/procurement/commercial-contract-management/contract-management/index.htm
 - - NAO Good Practice Framework,http://intranet.justice.gsi.gov.uk/guidance-support/procurement/commercial-contract-management/contract-management/nao-good-practice.htm
 - - Roles & responsibilities,http://intranet.justice.gsi.gov.uk/guidance-support/procurement/commercial-contract-management/contract-management/roles-resp.htm
 - - Contract management plans,http://intranet.justice.gsi.gov.uk/guidance-support/procurement/commercial-contract-management/contract-management/contract-mgnt-plans/index.htm
 - - - ECM & contract administration,http://intranet.justice.gsi.gov.uk/guidance-support/procurement/commercial-contract-management/contract-management/contract-mgnt-plans/ecm-contract-ad.htm
 - - Governance and change control,http://intranet.justice.gsi.gov.uk/guidance-support/procurement/commercial-contract-management/contract-management/governance-change-control.htm
 - - Contract risk management,http://intranet.justice.gsi.gov.uk/guidance-support/procurement/commercial-contract-management/contract-management/contract-risk-mgnt.htm
 - - Managing supplier performance,http://intranet.justice.gsi.gov.uk/guidance-support/procurement/commercial-contract-management/contract-management/managing-supplier-performance/index.htm
 - - - Finance and payment processes,http://intranet.justice.gsi.gov.uk/guidance-support/procurement/commercial-contract-management/contract-management/managing-supplier-performance/finance-payment-processes.htm
 - - Contract exit,http://intranet.justice.gsi.gov.uk/guidance-support/procurement/commercial-contract-management/contract-management/contract-exit.htm
Communications,http://intranet.justice.gsi.gov.uk/guidance-support/communications/index.htm
- Communicating with the media,http://intranet.justice.gsi.gov.uk/guidance-support/communications/communicating-with-the-media/index.htm
- Communicating with the public,http://intranet.justice.gsi.gov.uk/guidance-support/communications/communicating-with-the-media/index.htm
- Communicating with staff,http://intranet.justice.gsi.gov.uk/guidance-support/communications/communicating-with-staff/index.htm
- Communicating with stakeholders,http://intranet.justice.gsi.gov.uk/guidance-support/communications/communicating-with-stakeholders/index.htm
- Publication & branding,http://intranet.justice.gsi.gov.uk/guidance-support/communications/publication-and-branding/index.htm
- Video & photography services,http://intranet.justice.gsi.gov.uk/guidance-support/communications/video-photography-services/index.htm
- Welsh language scheme,http://intranet.justice.gsi.gov.uk/guidance-support/communications/welsh-language-scheme/index.htm
Knowledge & information,http://intranet.justice.gsi.gov.uk/guidance-support/information-data/index.htm
- Managing information,http://intranet.justice.gsi.gov.uk/guidance-support/information-data/managing-information/index.htm
- - What to keep,http://intranet.justice.gsi.gov.uk/guidance-support/information-data/managing-information/what-to-keep.htm
- - Paper records,http://intranet.justice.gsi.gov.uk/guidance-support/information-data/managing-information/paper-records.htm
- - Electronic information,http://intranet.justice.gsi.gov.uk/guidance-support/information-data/managing-information/paper-records.htm
- - TRIM guidance,http://intranet.justice.gsi.gov.uk/guidance-support/information-data/managing-information/trim-guidance.htm
- - Email,http://intranet.justice.gsi.gov.uk/guidance-support/information-data/managing-information/email.htm
- - Information managers,http://intranet.justice.gsi.gov.uk/guidance-support/information-data/managing-information/information-managers.htm
- Library services,http://intranet.justice.gsi.gov.uk/guidance-support/information-data/library-services/index.htm
- - MoJ staff,http://intranet.justice.gsi.gov.uk/guidance-support/information-data/library-services/moj-staff/index.htm
- - - Online resources,http://intranet.justice.gsi.gov.uk/guidance-support/information-data/library-services/moj-staff/online-resources/index.htm
- - - - Paid for subscriptions,http://intranet.justice.gsi.gov.uk/guidance-support/information-data/library-services/moj-staff/online-resources/paid-subscriptions.htm
- - - - Free internet resources,http://intranet.justice.gsi.gov.uk/guidance-support/information-data/library-services/moj-staff/online-resources/free-internet-resources.htm
- - Judiciary & courts staff,http://intranet.justice.gsi.gov.uk/guidance-support/information-data/library-services/judiciary-courts-staff/index.htm
- - - eLIS,http://intranet.justice.gsi.gov.uk/guidance-support/information-data/library-services/judiciary-courts-staff/elis.htm
- - - RCJ library,http://intranet.justice.gsi.gov.uk/guidance-support/information-data/library-services/judiciary-courts-staff/rcj-library.htm
- - Buying books,http://intranet.justice.gsi.gov.uk/guidance-support/information-data/library-services/buying-books.htm
- - Copyright,http://intranet.justice.gsi.gov.uk/guidance-support/information-data/library-services/copyright.htm
- Protecting information,http://intranet.justice.gsi.gov.uk/guidance-support/information-data/protecting-information/index.htm
- - Information security,http://intranet.justice.gsi.gov.uk/guidance-support/information-data/protecting-information/information-security/index.htm
- - - Sending information,http://intranet.justice.gsi.gov.uk/guidance-support/information-data/protecting-information/information-security/sending-information.htm
- - - Training,http://intranet.justice.gsi.gov.uk/guidance-support/information-data/protecting-information/information-security/training.htm
- - - Classifying information,http://intranet.justice.gsi.gov.uk/guidance-support/information-data/protecting-information/information-security/classifying-information.htm
- - - Quick guide,http://intranet.justice.gsi.gov.uk/guidance-support/information-data/protecting-information/information-security/quick-guide.htm
- - - Information assurance roles,http://intranet.justice.gsi.gov.uk/guidance-support/information-data/protecting-information/information-security/info-assurance-roles.htm
- - Personal data,http://intranet.justice.gsi.gov.uk/guidance-support/information-data/protecting-information/personal-data/index.htm
- - - Privacy impact assessments,http://intranet.justice.gsi.gov.uk/guidance-support/information-data/protecting-information/personal-data/privacy-imp-assess.htm
- - - Sharing personal data,http://intranet.justice.gsi.gov.uk/guidance-support/information-data/protecting-information/personal-data/share-personal-data.htm
- Knowledge management,http://intranet.justice.gsi.gov.uk/guidance-support/information-data/knowledge-management/index.htm
- - Knowledge handover,http://intranet.justice.gsi.gov.uk/guidance-support/information-data/knowledge-management/knowledge-handover.htm
- - Learning and reviewing,http://intranet.justice.gsi.gov.uk/guidance-support/information-data/knowledge-management/learning-reviewing.htm
- - Communities & collaboration,http://intranet.justice.gsi.gov.uk/guidance-support/information-data/knowledge-management/communities-collaboration.htm
- Providing information to the public,http://intranet.justice.gsi.gov.uk/guidance-support/information-data/providing-information-to-public/index.htm
- - Freedom of information,http://intranet.justice.gsi.gov.uk/guidance-support/information-data/providing-information-to-public/freedom-of-information/index.htm
- - - KILO,http://intranet.justice.gsi.gov.uk/guidance-support/information-data/providing-information-to-public/freedom-of-information/kilo/index.htm
- - Personal data under the Data Protection Act,http://intranet.justice.gsi.gov.uk/guidance-support/information-data/providing-information-to-public/personal-data-dpa/index.htm
- - - From the public and staff,http://intranet.justice.gsi.gov.uk/guidance-support/information-data/providing-information-to-public/personal-data-dpa/from-public-staff.htm
- - - From offenders,http://intranet.justice.gsi.gov.uk/guidance-support/information-data/providing-information-to-public/personal-data-dpa/from-offenders.htm
- - Access to unopened files,http://intranet.justice.gsi.gov.uk/guidance-support/information-data/providing-information-to-public/access-unopened-files.htm
- - Publications scheme & disclosure log,http://intranet.justice.gsi.gov.uk/guidance-support/information-data/providing-information-to-public/pub-scheme-disc-log.htm
- - Information Commissioners Office,http://intranet.justice.gsi.gov.uk/guidance-support/information-data/providing-information-to-public/info-commissioners-office.htm
Change management,http://intranet.justice.gsi.gov.uk/guidance-support/change-management/index.htm
- Continuous improvement (lean),http://intranet.justice.gsi.gov.uk/guidance-support/change-management/continuous-improvement/index.htm
- - CI lean within MoJ,http://intranet.justice.gsi.gov.uk/guidance-support/change-management/continuous-improvement/ci-lean-within-moj.htm
- - CI in practice,http://intranet.justice.gsi.gov.uk/guidance-support/change-management/continuous-improvement/ci-in-practice.htm
- - Tools & techniques,http://intranet.justice.gsi.gov.uk/guidance-support/change-management/continuous-improvement/toolkit.htm
- - FAQs,http://intranet.justice.gsi.gov.uk/guidance-support/change-management/continuous-improvement/faqs.htm
- Project delivery,http://intranet.justice.gsi.gov.uk/guidance-support/change-management/project-delivery/index.htm
- - Framework guidance,http://intranet.justice.gsi.gov.uk/guidance-support/change-management/project-delivery/framework-guidance/index.htm
- - - Programme & project lifecycle,http://intranet.justice.gsi.gov.uk/guidance-support/change-management/project-delivery/framework-guidance/project-lifecycle.htm
- - - Benefits,http://intranet.justice.gsi.gov.uk/guidance-support/change-management/project-delivery/framework-guidance/benefits.htm
- - - Stakeholder management,http://intranet.justice.gsi.gov.uk/guidance-support/change-management/project-delivery/framework-guidance/stakeholder-management.htm
- - - Planning,http://intranet.justice.gsi.gov.uk/guidance-support/change-management/project-delivery/framework-guidance/planning.htm
- - - Project/programme initiation,http://intranet.justice.gsi.gov.uk/guidance-support/change-management/project-delivery/framework-guidance/project-programme-initiation.htm
- - - Programme / project boards and roles,http://intranet.justice.gsi.gov.uk/guidance-support/change-management/project-delivery/framework-guidance/programme-project-tor.htm
- - - Lessons learned,http://intranet.justice.gsi.gov.uk/guidance-support/change-management/project-delivery/framework-guidance/lessons-learned.htm
- - - Risk issues,http://intranet.justice.gsi.gov.uk/guidance-support/change-management/project-delivery/framework-guidance/risk-issues.htm
- - - Business cases,http://intranet.justice.gsi.gov.uk/guidance-support/change-management/project-delivery/framework-guidance/business-cases.htm
- - - Quality assurance,http://intranet.justice.gsi.gov.uk/guidance-support/change-management/project-delivery/framework-guidance/quality-assurance.htm
- - - Reporting,http://intranet.justice.gsi.gov.uk/guidance-support/change-management/project-delivery/framework-guidance/reporting.htm
- - - Other templates,http://intranet.justice.gsi.gov.uk/guidance-support/change-management/project-delivery/framework-guidance/other-templates.htm
- - A-Z glossary,http://intranet.justice.gsi.gov.uk/guidance-support/change-management/project-delivery/az-glossary.htm
- - Assurance,http://intranet.justice.gsi.gov.uk/guidance-support/change-management/project-delivery/assurance/index.htm
- - - Starting gate,http://intranet.justice.gsi.gov.uk/guidance-support/change-management/project-delivery/assurance/starting-gate.htm
- - - RPA and IAAP tools,http://intranet.justice.gsi.gov.uk/guidance-support/change-management/project-delivery/assurance/iaap.htm
- - - Integrated assurance,http://intranet.justice.gsi.gov.uk/guidance-support/change-management/project-delivery/assurance/integrated-assurance.htm
- - - Gateway reviews,http://intranet.justice.gsi.gov.uk/guidance-support/change-management/project-delivery/assurance/gateway-reviews.htm
- - - Gateway cycle,http://intranet.justice.gsi.gov.uk/guidance-support/change-management/project-delivery/assurance/gateway-cycle/index.htm
- - - - Gate 0,http://intranet.justice.gsi.gov.uk/guidance-support/change-management/project-delivery/assurance/gateway-cycle/gate-0.htm
- - - - Gate 1,http://intranet.justice.gsi.gov.uk/guidance-support/change-management/project-delivery/assurance/gateway-cycle/gate-1.htm
- - - - Gate 2,http://intranet.justice.gsi.gov.uk/guidance-support/change-management/project-delivery/assurance/gateway-cycle/gate-2.htm
- - - - Gate 3,http://intranet.justice.gsi.gov.uk/guidance-support/change-management/project-delivery/assurance/gateway-cycle/gate-3.htm
- - - - Gate 4,http://intranet.justice.gsi.gov.uk/guidance-support/change-management/project-delivery/assurance/gateway-cycle/gate-4.htm
- - - - Gate 5,http://intranet.justice.gsi.gov.uk/guidance-support/change-management/project-delivery/assurance/gateway-cycle/gate-5.htm
- - - Health checks,http://intranet.justice.gsi.gov.uk/guidance-support/change-management/project-delivery/assurance/health-checks.htm
- - - Gateway reviewers,http://intranet.justice.gsi.gov.uk/guidance-support/change-management/project-delivery/assurance/gateway-reviewers.htm
- - Approvals,http://intranet.justice.gsi.gov.uk/guidance-support/change-management/project-delivery/approvals/index.htm
- - Training and development,http://intranet.justice.gsi.gov.uk/guidance-support/change-management/project-delivery/training-development/index.htm
- - - Online manuals,http://intranet.justice.gsi.gov.uk/guidance-support/change-management/project-delivery/training-development/online-manuals.htm
Charities and volunteering,http://intranet.justice.gsi.gov.uk/guidance-support/charities-volunteering/index.htm
- Charities,http://intranet.justice.gsi.gov.uk/guidance-support/charities-volunteering/charities/index.htm
- - The Charity for Civil Servants,http://intranet.justice.gsi.gov.uk/guidance-support/charities-volunteering/charities/the-charity-for-civil-servants.htm
- - The Lifeboat Fund,http://intranet.justice.gsi.gov.uk/guidance-support/charities-volunteering/charities/the-lifeboat-fund.htm
- Volunteering,http://intranet.justice.gsi.gov.uk/guidance-support/charities-volunteering/volunteering/index.htm
Devolution,http://intranet.justice.gsi.gov.uk/guidance-support/devolution/index.htm
Equality and diversity,http://intranet.justice.gsi.gov.uk/guidance-support/equality-and-diversity/index.htm
- Staff neworks,http://intranet.justice.gsi.gov.uk/guidance-support/equality-and-diversity/staff-networks/index.htm
- - FAQ,http://intranet.justice.gsi.gov.uk/guidance-support/equality-and-diversity/staff-networks/faq.htm
- Gender equality form,http://intranet.justice.gsi.gov.uk/guidance-support/equality-and-diversity/gender-equality-forum/index.htm
- Diversity strategy,http://intranet.justice.gsi.gov.uk/guidance-support/equality-and-diversity/diversity-strategy/index.htm
- Diversity champions,http://intranet.justice.gsi.gov.uk/guidance-support/equality-and-diversity/diversity-champions.htm
- Leaning zone,http://intranet.justice.gsi.gov.uk/guidance-support/equality-and-diversity/learning-zone/index.htm
- - Coaching Squared programme,http://intranet.justice.gsi.gov.uk/guidance-support/equality-and-diversity/learning-zone/coaching-squared-programme.htm
- - Positive action programmes,http://intranet.justice.gsi.gov.uk/guidance-support/equality-and-diversity/learning-zone/positive-action-programmes.htm
- Compliance with equality duties,http://intranet.justice.gsi.gov.uk/guidance-support/equality-and-diversity/compliance-with-equality-duties.htm
- Equality analysis,http://intranet.justice.gsi.gov.uk/guidance-support/equality-and-diversity/equality-impact-assessments.htm
- Equality & diversity statement,http://intranet.justice.gsi.gov.uk/guidance-support/equality-and-diversity/moj-equality-and-diversity-statement.htm
- Sources of support & advice,http://intranet.justice.gsi.gov.uk/guidance-support/equality-and-diversity/sources-of-support-advice/index.htm
Internal audit,http://intranet.justice.gsi.gov.uk/guidance-support/internal-audit/index.htm
- Checklist,http://intranet.justice.gsi.gov.uk/guidance-support/internal-audit/checklist.htm
- Audit committees,http://intranet.justice.gsi.gov.uk/guidance-support/internal-audit/audit-committees.htm
Legal services,http://intranet.justice.gsi.gov.uk/guidance-support/legal-services/index.htm
- Avoiding & preparing for litigation,http://intranet.justice.gsi.gov.uk/guidance-support/legal-services/avoiding-preparing-litigation/index.htm
- - Steps to take in advance of litigation,http://intranet.justice.gsi.gov.uk/guidance-support/legal-services/avoiding-preparing-litigation/steps-take-advance-litigation.htm
- - Steps to take if you receive a claim of any kind,http://intranet.justice.gsi.gov.uk/guidance-support/legal-services/avoiding-preparing-litigation/receive-claim-any-kind.htm
- - Useful litigation references,http://intranet.justice.gsi.gov.uk/guidance-support/legal-services/avoiding-preparing-litigation/useful-litigation-references.htm
- - Judicial Review principles and procedure,http://intranet.justice.gsi.gov.uk/guidance-support/legal-services/avoiding-preparing-litigation/judicial-review-principles-procedure.htm
- Working with MoJ lawyers,http://intranet.justice.gsi.gov.uk/guidance-support/legal-services/working-moj-lawyers/index.htm
- - Top tips & dos & don'ts,http://intranet.justice.gsi.gov.uk/guidance-support/legal-services/working-moj-lawyers/top-tips-do-dont.htm
- Who the legal team are,http://intranet.justice.gsi.gov.uk/guidance-support/legal-services/the-legal-team.htm
- Working on primary legislation,http://intranet.justice.gsi.gov.uk/guidance-support/legal-services/working-primary-legislation.htm
- Working on secondary legislation,http://intranet.justice.gsi.gov.uk/guidance-support/legal-services/working-secondary-legislation.htm
Nominations,http://intranet.justice.gsi.gov.uk/guidance-support/nominations/honours/index.htm
- Honours,http://intranet.justice.gsi.gov.uk/guidance-support/nominations/honours/index.htm
- - How to make a nomination,http://intranet.justice.gsi.gov.uk/guidance-support/nominations/honours/make-nomination.htm
- - Timetable,http://intranet.justice.gsi.gov.uk/guidance-support/nominations/honours/timetable.htm
- - Orders of honours,http://intranet.justice.gsi.gov.uk/guidance-support/nominations/honours/types-of-honours.htm
- Imperial Service Medal for Civil Servants,http://intranet.justice.gsi.gov.uk/guidance-support/nominations/imperial-service-medal-for-civil-servants.htm
- Royal Garden Parties,http://intranet.justice.gsi.gov.uk/guidance-support/nominations/royal-garden-parties.htm
Operational Delivery Profession,http://intranet.justice.gsi.gov.uk/guidance-support/odp/index.htm
Policy making,http://intranet.justice.gsi.gov.uk/guidance-support/policy-making/index.htm
- Policy profession,http://intranet.justice.gsi.gov.uk/guidance-support/policy-making/policy-profession-and-delivery/index.htm
- - Policy profession board,http://intranet.justice.gsi.gov.uk/guidance-support/policy-making/policy-profession-and-delivery/policy-profession-board/overview.htm
- - Our priorities,http://intranet.justice.gsi.gov.uk/guidance-support/policy-making/policy-profession-and-delivery/strategic-plan/index.htm
- - Policy excellence,http://intranet.justice.gsi.gov.uk/guidance-support/policy-making/policy-profession-and-delivery/policy-excellence/index.htm
- - - Open policy making,http://intranet.justice.gsi.gov.uk/guidance-support/policy-making/policy-profession-and-delivery/policy-excellence/opm.htm/index.htm
- - - OPM principles,http://intranet.justice.gsi.gov.uk/guidance-support/policy-making/policy-profession-and-delivery/policy-excellence/opm.htm/opm-principles.htm
- - Learning and Development strategy & training plan,http://intranet.justice.gsi.gov.uk/guidance-support/policy-making/policy-profession-and-delivery/strategy-training.htm
- Policy making tools & guidance,http://intranet.justice.gsi.gov.uk/guidance-support/policy-making/policy-making-tools/index.htm
- - Policy toolkit,http://intranet.justice.gsi.gov.uk/guidance-support/policy-making/policy-making-tools/policy-toolkit/index.htm
- - - Plan your policy,http://intranet.justice.gsi.gov.uk/guidance-support/policy-making/policy-making-tools/policy-toolkit/policy-planning.htm
- - - How to involve the right people,http://intranet.justice.gsi.gov.uk/guidance-support/policy-making/policy-making-tools/policy-toolkit/involve-right-people.htm
- - - Legal implications,http://intranet.justice.gsi.gov.uk/guidance-support/policy-making/policy-making-tools/policy-toolkit/policy-legal.htm
- - - Financial implications,http://intranet.justice.gsi.gov.uk/guidance-support/policy-making/policy-making-tools/policy-toolkit/financial.htm
- - - Operational implications,http://intranet.justice.gsi.gov.uk/guidance-support/policy-making/policy-making-tools/policy-toolkit/operational.htm
- - - How to use analysis & evidence,http://intranet.justice.gsi.gov.uk/guidance-support/policy-making/policy-making-tools/policy-toolkit/policy-analysis.htm
- - - Engage the outside world,http://intranet.justice.gsi.gov.uk/guidance-support/policy-making/policy-making-tools/policy-toolkit/policy-engagement.htm
- - - Determine the options,http://intranet.justice.gsi.gov.uk/guidance-support/policy-making/policy-making-tools/policy-toolkit/policy-objective.htm
- - - Communicate a policy,http://intranet.justice.gsi.gov.uk/guidance-support/policy-making/policy-making-tools/policy-toolkit/policy-communicate.htm
- - - Secure a decision,http://intranet.justice.gsi.gov.uk/guidance-support/policy-making/policy-making-tools/policy-toolkit/policy-decision.htm
- - - Test a policy,http://intranet.justice.gsi.gov.uk/guidance-support/policy-making/policy-making-tools/policy-toolkit/policy-testing.htm
- - - Implement a policy,http://intranet.justice.gsi.gov.uk/guidance-support/policy-making/policy-making-tools/policy-toolkit/policy-implementation.htm
- - - Write submissions,http://intranet.justice.gsi.gov.uk/guidance-support/policy-making/policy-making-tools/policy-toolkit/policy-submission.htm
- - - Value success,http://intranet.justice.gsi.gov.uk/guidance-support/policy-making/policy-making-tools/policy-toolkit/policy-success.htm
- - - Work with ministers,http://intranet.justice.gsi.gov.uk/guidance-support/policy-making/policy-making-tools/policy-toolkit/policy-ministers.htm
- - - Respond to PQs,http://intranet.justice.gsi.gov.uk/guidance-support/policy-making/policy-making-tools/policy-toolkit/policy-pqs.htm
- - - How to work with the European Union,http://intranet.justice.gsi.gov.uk/guidance-support/policy-making/policy-making-tools/policy-toolkit/policy-eu.htm
Public consultation guidance,http://intranet.justice.gsi.gov.uk/guidance-support/public-consultation-guidance/index.htm
Research and analysis,http://intranet.justice.gsi.gov.uk/guidance-support/research/index.htm
- Analytical services resource library,http://intranet.justice.gsi.gov.uk/guidance-support/research/analytical-services-resource-library.htm
- Analytical quality assurance (AQA),http://intranet.justice.gsi.gov.uk/guidance-support/research/analytical-quality-assurance.htm
- Research catalogue,http://intranet.justice.gsi.gov.uk/guidance-support/research/published-report-research-catalogue.htm
- Evidence summaries,http://intranet.justice.gsi.gov.uk/guidance-support/research/evidence-summaries.htm
- Forecasting and modelling,http://intranet.justice.gsi.gov.uk/guidance-support/research/forecast-model.htm
Reserve forces,http://intranet.justice.gsi.gov.uk/guidance-support/reservist/index.htm
Risk Management,http://intranet.justice.gsi.gov.uk/guidance-support/risk-management/index.htm
- Risk register template guidance,http://intranet.justice.gsi.gov.uk/guidance-support/risk-management/risk-register-template.htm
Social media,http://intranet.justice.gsi.gov.uk/guidance-support/risk-management/index.htm
Statistics and survey results,http://intranet.justice.gsi.gov.uk/guidance-support/risk-management/index.htm
- Statistical summaries,http://intranet.justice.gsi.gov.uk/guidance-support/statistics/published-stats/index.htm
- Staff engagement surveys,http://intranet.justice.gsi.gov.uk/guidance-support/statistics/staff-engagement-survey/index.htm
- - 2014 staff engagement survey,http://intranet.justice.gsi.gov.uk/guidance-support/statistics/staff-engagement-survey/2014/index.htm
- - 2013 staff engagement survey,http://intranet.justice.gsi.gov.uk/guidance-support/statistics/staff-engagement-survey/2013/index.htm
- - 2012 staff engagement survey,http://intranet.justice.gsi.gov.uk/guidance-support/statistics/staff-engagement-survey/2012/index.htm
- - 2011 staff engagement survey,http://intranet.justice.gsi.gov.uk/guidance-support/statistics/staff-engagement-survey/2011/index.htm
- - 2010 staff engagement survey,http://intranet.justice.gsi.gov.uk/guidance-support/statistics/staff-engagement-survey/moj-staff-engagement-survey-2010.htm
- - 2009 staff engagement survey,http://intranet.justice.gsi.gov.uk/guidance-support/statistics/staff-engagement-survey/moj-staff-engagement-survey-2009.htm
Sustainable development,http://intranet.justice.gsi.gov.uk/guidance-support/sustainable-development/index.htm
- Planning events,http://intranet.justice.gsi.gov.uk/guidance-support/sustainable-development/planning-events.htm
- MoJ green champions,http://intranet.justice.gsi.gov.uk/guidance-support/sustainable-development/green-champions.htm
- Advice for building & facilities managers,http://intranet.justice.gsi.gov.uk/guidance-support/sustainable-development/advice-for-building-and-facilities-managers.htm
Working with arm's length bodies,http://intranet.justice.gsi.gov.uk/guidance-support/working-with-arms-length-bodies/
- Making a public appointment,http://intranet.justice.gsi.gov.uk/guidance-support/working-with-arms-length-bodies/making-a-public-appointment.htm
- Reviewing & reforming ALBs,http://intranet.justice.gsi.gov.uk/guidance-support/working-with-arms-length-bodies/reforming-albs.htm
- Sponsoring ALBs,http://intranet.justice.gsi.gov.uk/guidance-support/working-with-arms-length-bodies/sponsoring-albs/index.htm
Jobs,http://intranet.justice.gsi.gov.uk/global/jobs/index.htm
Organisation,http://intranet.justice.gsi.gov.uk/organisation/index.htm
- Departmental Board & Committees,http://intranet.justice.gsi.gov.uk/organisation/cmb/index.htm
- - Departmental board,http://intranet.justice.gsi.gov.uk/organisation/cmb/departmental-board/overview.htm
- - - Board members,http://intranet.justice.gsi.gov.uk/organisation/cmb/departmental-board/index.htm
- - - - Chris Grayling,http://intranet.justice.gsi.gov.uk/ministers-parliament/ministers/chris-grayling/index.htm
- - - - Lord Faulks,http://intranet.justice.gsi.gov.uk/ministers-parliament/ministers/lord-faulks/index.htm
- - - - Andrew Selous,http://intranet.justice.gsi.gov.uk/ministers-parliament/ministers/andrew-selous/index.htm
- - - - Mike Penning,http://intranet.justice.gsi.gov.uk/ministers-parliament/ministers/andrew-selous/index.htm
- - - - Shailesh Vara,http://intranet.justice.gsi.gov.uk/ministers-parliament/ministers/shailesh-vara/index.htm
- - - - Simon Hughes,http://intranet.justice.gsi.gov.uk/ministers-parliament/ministers/simon-hughes/index.htm
- - - - Ursula Brennan,http://intranet.justice.gsi.gov.uk/organisation/cmb/departmental-board/permanent-secretary/biography.htm
- - - - Tim Breedon,http://intranet.justice.gsi.gov.uk/organisation/cmb/departmental-board/tim-breedon/index.htm
- - - - Bill Griffiths,http://intranet.justice.gsi.gov.uk/organisation/cmb/departmental-board/bill-griffiths/index.htm
- - - - Sue Street,http://intranet.justice.gsi.gov.uk/organisation/cmb/departmental-board/dame-sue/index.htm
- - - - Fields Wicker-Miurin,http://intranet.justice.gsi.gov.uk/organisation/cmb/departmental-board/fields-wicker-miurin/index.htm
- - - - Ann Beasley,http://intranet.justice.gsi.gov.uk/organisation/cmb/departmental-board/ann-beasley/index.htm
- - - - Matthew Coats,http://intranet.justice.gsi.gov.uk/organisation/cmb/departmental-board/matthew-coats/index.htm
- - - - Peter Handcock,http://intranet.justice.gsi.gov.uk/organisation/cmb/executive-management-committee/peter-handcock/index.htm
- - - - Catherine Lee,http://intranet.justice.gsi.gov.uk/organisation/cmb/departmental-board/catherine-lee/index.htm
- - - - Antonia Romeo,http://intranet.justice.gsi.gov.uk/organisation/cmb/departmental-board/antonia-romeo/index.htm
- - - - Michael Spurr,http://intranet.justice.gsi.gov.uk/organisation/cmb/executive-management-committee/michael-spurr/index.htm
- - ExCo,http://intranet.justice.gsi.gov.uk/organisation/cmb/executive-management-committee/overview.htm
- - Audit and risk committee,http://intranet.justice.gsi.gov.uk/organisation/cmb/audit-risk-committee/overview.htm
- - Nominations committee,http://intranet.justice.gsi.gov.uk/organisation/cmb/nominations-committee/overview.htm
- - Financial management committee,http://intranet.justice.gsi.gov.uk/organisation/cmb/financial-management-committee/overview.htm
- - Commercial & Contract Governance Committee,http://intranet.justice.gsi.gov.uk/organisation/cmb/ccm-committee/overview.htm
- - Working with the board and committees,http://intranet.justice.gsi.gov.uk/organisation/cmb/working-with-the-board-and-committees/governance.htm
- Business groups,http://intranet.justice.gsi.gov.uk/organisation/business-groups/index.htm
- - Finance Assurance and Commercial Group,http://intranet.justice.gsi.gov.uk/organisation/business-groups/finance-assurance-commercial/index.htm
- - Criminal justice group,http://intranet.justice.gsi.gov.uk/organisation/business-groups/criminal-justice/index.htm
- - - Law and access to justice group,http://intranet.justice.gsi.gov.uk/organisation/business-groups/law-access-justice/index.htm
- - Legal Aid Agency & Corporate Services Group,http://intranet.justice.gsi.gov.uk/organisation/business-groups/laa-corporate-services/index.htm
- - NOMS,http://intranet.justice.gsi.gov.uk/organisation/business-groups/noms/index.htm
- - Her Majesty's Courts & Tribunals Service,http://intranet.justice.gsi.gov.uk/organisation/business-groups/hmcts/index.htm
- MOJ agencies and partners,http://intranet.justice.gsi.gov.uk/organisation/agencies/index.htm
- Org charts,http://intranet.justice.gsi.gov.uk/organisation/org-charts/index.htm
- The MOJ story,http://intranet.justice.gsi.gov.uk/moj-story/index.htm
- - Civil service reform,http://intranet.justice.gsi.gov.uk/moj-story/civil-service-reform.htm
 - - TW3,http://intranet.justice.gsi.gov.uk/moj-story/tw3.htm
- - DIP,http://intranet.justice.gsi.gov.uk/moj-story/dip/index.htm
- - Services and structures review,http://intranet.justice.gsi.gov.uk/moj-story/services-structures-review.htm
- - Employee engagement,http://intranet.justice.gsi.gov.uk/moj-story/employee-engagement/index.htm
- - - Engagement champions,http://intranet.justice.gsi.gov.uk/moj-story/employee-engagement/engagement-champions.htm
- - - Engagement networks,http://intranet.justice.gsi.gov.uk/moj-story/employee-engagement/engagement-networks.htm
- - Financial and commercial awareness,http://intranet.justice.gsi.gov.uk/moj-story/financial-commercial-awareness.htm
